Link Name,Center of Mass X,Center of Mass Y,Center of Mass Z,Center of Mass Roll,Center of Mass Pitch,Center of Mass Yaw,Mass,Moment Ixx,Moment Ixy,Moment Ixz,Moment Iyy,Moment Iyz,Moment Izz,Visual X,Visual Y,Visual Z,Visual Roll,Visual Pitch,Visual Yaw,Mesh Filename,Color Red,Color Green,Color Blue,Color Alpha,Collision X,Collision Y,Collision Z,Collision Roll,Collision Pitch,Collision Yaw,Collision Mesh Filename,Material Name,SW Components,Coordinate System,Axis Name,Joint Name,Joint Type,Joint Origin X,Joint Origin Y,Joint Origin Z,Joint Origin Roll,Joint Origin Pitch,Joint Origin Yaw,Parent,Joint Axis X,Joint Axis Y,Joint Axis Z,Limit Effort,Limit Velocity,Limit Lower,Limit Upper,Calibration rising,Calibration falling,Dynamics Damping,Dynamics Friction,Safety Soft Upper,Safety Soft Lower,Safety K Position,Safety K Velocity
BASE,0.00592056509800301,-0.00193280508551347,0.0189508034278452,0,0,0,25.9401935028288,0.522401597273813,0.000566472003100046,-0.02031841148565,0.860859658940349,0.000100362279187569,1.30319365756996,0,0,0,0,0,0,package://WA1_D11/meshes/BASE.STL,0.737254901960784,0.901960784313726,0.952941176470588,1,0,0,0,0,0,0,package://WA1_D11/meshes/BASE.STL,,EMMA400K简化版-1/___________1.stp-1/716mini____20220215001_1.stp-1;EMMA400K简化版-1/___________1.stp-1/____PCB_1.stp-1;EMMA400K简化版-1/___________1.stp-1/2.1.04.06.00244  _________1.stp-1;EMMA400K简化版-1/___________1.stp-1/3.1.14.03.0006 ______.stp-1;EMMA400K简化版-1/___________1.stp-1/3.3.14.01.00522 _________________1.stp-1;EMMA400K简化版-1/___________1.stp-1/____________Dabai Pro_1.stp-1;EMMA400K简化版-1/___________1.stp-1/3.2.14.03.0007 ________.stp-1;EMMA400K简化版-1/___________1.stp-1/3.1.14.03.00074 ___________1.stp-1;EMMA400K简化版-1/___________1.stp-1/3.2.14.03.00086___________1.stp-1;EMMA400K简化版-1/___________1-1.stp-1/716mini____20220215001_1.stp-1;EMMA400K简化版-1/___________1-1.stp-1/3.1.14.03.0009 ______.stp-1;EMMA400K简化版-1/___________1-1.stp-1/2.1.04.06.00244  _________1.stp-1;EMMA400K简化版-1/___________1-1.stp-1/3.3.14.03.0002 ______.stp-1;EMMA400K简化版-1/___________1-1.stp-1/_______________1.stp-1;EMMA400K简化版-1/_________1-2.stp-1/2.1.01.04.00213 ______ 95AGV15-0001_1.stp-2;EMMA400K简化版-1/_________1-2.stp-1/2.1.01.04.00213 ______ 95AGV15-0001_1.stp-1;EMMA400K简化版-1/_________1-2.stp-1/3.3.14.03.00036 ___________1.stp-1;EMMA400K简化版-1/_________1-2.stp-1/3.2.14.03.00071 _________1______1.stp-1;EMMA400K简化版-1/_________1-4.stp-1/3.2.14.03.00042 _______________1.stp-1;EMMA400K简化版-1/_________1-4.stp-1/3.2.14.03.00044 _____________1.stp-1;EMMA400K简化版-1/_________1-4.stp-1/3.2.14.03.00043 _________1.stp-1;EMMA400K简化版-1/_________1-4.stp-1/3.2.14.03.00041 _____________1.stp-1;EMMA400K简化版-1/_________1-4.stp-1/3.3.14.03.00025 _____1.stp-1;EMMA400K简化版-1/_________1-4.stp-1/3.3.14.03.00025 _____1.stp-2;EMMA400K简化版-1/_________1-4.stp-1/3.3.14.03.00007 _________1.stp-1;EMMA400K简化版-1/_________1-4.stp-1/_________1-5.stp-1;EMMA400K简化版-1/_________1-4.stp-1/3.3.14.03.00033 ___________1.stp-1;EMMA400K简化版-1/_________1-4.stp-1/3.3.14.03.00025 _____1.stp-3;EMMA400K简化版-1/_________1-4.stp-1/3.3.14.03.00025 _____1.stp-4;EMMA400K简化版-1/_________1-4.stp-1/3.3.14.03.00026 5_____________1.stp-1;EMMA400K简化版-1/_________1-4.stp-1/_______1-7.stp-1;EMMA400K简化版-1/_________1-4.stp-1/3.2.14.03.00044 _____________1.stp-2;EMMA400K简化版-1/_________1-4.stp-1/3.2.14.03.00048 _________________1.stp-1;EMMA400K简化版-1/_________1-4.stp-1/3.2.14.03.0005 ________.stp-1;EMMA400K简化版-1/_________1-4.stp-1/3.3.14.02.00027 _________1.stp-2;EMMA400K简化版-1/_________1-4.stp-1/3.3.14.02.00027 _________1.stp-1;EMMA400K简化版-1/_________1-4.stp-1/3.2.14.03.00049 _________1.stp-1;EMMA400K简化版-1/_________1-4.stp-1/______(1)_1.stp-2;EMMA400K简化版-1/_________1-4.stp-1/______(1)_1.stp-1;EMMA400K简化版-1/_________1-4.stp-1/3.2.14.03.00047 _______________1.stp-1;EMMA400K简化版-1/_________1-4.stp-1/3.2.14.03.00081 _____________1.stp-1;EMMA400K简化版-1/_________1-4.stp-1/3.3.14.03.00032 _________1.stp-1;EMMA400K简化版-1/_________1-4.stp-1/3.3.14.03.00038 _______1.stp-2;EMMA400K简化版-1/_________1-4.stp-1/3.3.14.03.00038 _______1.stp-1;EMMA400K简化版-1/_________1-4.stp-1/3.3.14.03.00037 _______1.stp-2;EMMA400K简化版-1/_________1-4.stp-1/3.3.14.03.00037 _______1.stp-1;EMMA400K简化版-1/_________1-4.stp-1/3.3.14.03.00032 _________1.stp-2;EMMA400K简化版-1/2.1.04.08.00012 E2B-S08KN04-WP-C2 2M________0702(1).stp-1;EMMA400K简化版-1/3.3.14.01.00075_________1.stp-1;EMMA400K简化版-1/RX-L-03-01-13 承重板-1;托板-1;RX-L-02-01-29 桌板左支撑板-1;RX-L-02-01-30 桌板右支撑板-1;底座外观实体(C)-1/实体7-1;底座外观实体(C)-1/输入7-1;底座外观实体(C)-1/实体8-1,BASE,,,,0,0,0,0,0,0,,0,0,0,,,,,,,,,,,,
BODY,0.00347376449346015,4.29528819191338E-05,0.0269981383270411,0,0,0,2.26150784899894,0.0112093270644369,7.04569570690431E-06,0.0001050399704953,0.0089163759777301,8.06861124713034E-06,0.00587422876828238,0,0,0,0,0,0,package://WA1_D11/meshes/BODY.STL,0.890196078431372,0.890196078431372,0.913725490196078,1,0,0,0,0,0,0,package://WA1_D11/meshes/BODY.STL,,RX-L-03-01-01 升降底撑板V2-1;G25关节简化版-1;底座外观实体(C)-1/实体3-1;底座外观实体(C)-1/实体4-1;底座外观实体(C)-1/实体5-1;底座外观实体(C)-1/实体6-1,BODY,Lifting_Z,Lifting_Z,prismatic,0.31,0,0.492,0,0,0,BASE,0,0,1,0,0,0,0.25,,,,,,,,
TORSO,2.414173760934E-05,-0.013228072900614,0.0596889075932307,0,0,0,1.86506525650323,0.00430107504414483,-3.74590336987222E-06,-8.61225273480926E-07,0.00399816644143196,4.89442905024986E-05,0.00437026804692787,0,0,0,0,0,0,package://WA1_D11/meshes/TORSO.STL,0.898039215686275,0.917647058823529,0.929411764705882,1,0,0,0,0,0,0,package://WA1_D11/meshes/TORSO.STL,,RX-L-03-01-05 腰部关节转接件G-G-2-1;RX-L-03-01-07 腰部G关节T型外壳-1;G25关节简化版-2,TORSO,Waist_Z,Waist_Z,revolute,0,0,0.1561,0,0,0,BODY,0,0,1,0,0,-2.0944,3.2289,,,,,,,,
CHEST,0.00128119626472276,0.00209650911533721,0.351463857372758,0,0,0,3.56126176624429,0.0301529776915883,-0.000127826172415052,0.000206949605034436,0.0217513131858975,-0.00109357729560151,0.0160102487429534,0,0,0,0,0,0,package://WA1_D11/meshes/CHEST.STL,0.866666666666667,0.866666666666667,0.890196078431372,1,0,0,0,0,0,0,package://WA1_D11/meshes/CHEST.STL,,RX-L-02-01-23 调试接口面板-1;D435-1;左肩固定-URDF-1/ZJRX-A-P-L-01-左臂-肩部固定法兰盘.step-1;左肩固定-URDF-1/B关节替换件-1;上半身实体模型-1/上半身实体模型(2)^上半身实体模型-1/颈部软胶-1;上半身实体模型-1/上半身实体模型(2)^上半身实体模型-1/Document-6^上半身实体模型(2)_上半身实体模型-1;上半身实体模型-1/上半身实体模型(2)^上半身实体模型-1/Document-5^上半身实体模型(2)_上半身实体模型-1;上半身实体模型-1/上半身实体模型(2)^上半身实体模型-1/前胸罩壳-1;上半身实体模型-1/上半身实体模型(2)^上半身实体模型-1/后颈贴片-1;上半身实体模型-1/上半身实体模型(2)^上半身实体模型-1/后壳-1;上半身实体模型-1/上半身实体模型(2)^上半身实体模型-1/前壳-1;上半身实体模型-1/上半身实体模型(2)^上半身实体模型-1/颈部罩壳-1;HEAD-1/D1型号关节V1-1-1;HEAD-1/RX-01-01-05 颈部支架-1;HEAD-1/RX-01-01-14 颈部限位块-1;HEAD-1/RX-01-01-14 颈部限位块-2;右肩固定-URDF-1/ZJRX-A-P-R-01-右臂-肩部固定法兰盘.step-1;右肩固定-URDF-1/B关节替换件-1,CHEST,Waist_Y,Waist_Y,revolute,0,0,0.0744,0,0,0,TORSO,0,1,0,0,0,-0.5236,0.7854,,,,,,,,
SCAPULA_L,-0.000402154054930659,0.070256420206888,-9.26935697239673E-05,0,0,0,1.1186852204855,0.00101092349304312,-3.37777180211232E-05,-2.13709451501253E-06,0.00117731995696335,-4.45172721289395E-06,0.00124017475562856,0,0,0,0,0,0,package://WA1_D11/meshes/SCAPULA_L.STL,0.341176470588235,1,0.768627450980392,1,0,0,0,0,0,0,package://WA1_D11/meshes/SCAPULA_L.STL,,左肩俯仰-URDF-1/ZJRX-A-P-L-02-左臂-肩俯仰结构件.step-1;左肩俯仰-URDF-1/B关节替换件-2,SCAPULA_L,Shoulder_Y_L,Shoulder_Y_L,revolute,0.0074317,0.16387,0.39,0,0,-0.5236,CHEST,0,1,0,57,3.56,-4.0143,1.2217,,,,,,,,
SHOULDER_L,0.0216395139763234,0.00137748925025916,-0.0364166257383316,0,0,0,0.241156466046865,0.000357897642631142,1.12966699618973E-05,-0.000118811012098059,0.000434344977692142,1.2881928343561E-05,0.000360605715106346,0,0,0,0,0,0,package://WA1_D11/meshes/SHOULDER_L.STL,0.898039215686275,0.917647058823529,0.929411764705882,1,0,0,0,0,0,0,package://WA1_D11/meshes/SHOULDER_L.STL,,左肩滚转-URDF-1/ZJRX-A-P-L-03-左臂-肩滚动结构件-主体.step-1;左肩滚转-URDF-1/ZJRX-A-P-L-04-左臂-肩滚动结构件-随动件.step-1;左肩滚转-URDF-1/左臂-肩滚动结构件-盖板-1,SHOULDER_L,Shoulder_X_L,Shoulder_X_L,revolute,0,0.075202,0,-0.34907,0,0,SCAPULA_L,1,0,0,57,3.56,-0.034907,3.1067,,,,,,,,
UPPERARM_L,-0.000572816439984525,0.000196130163175989,-0.0734519774976232,0,0,0,1.68415100111022,0.00185775114871178,2.65644018216413E-08,-5.8425027889212E-06,0.00192677713326379,-3.88026229985866E-06,0.000957809090505571,0,0,0,0,0,0,package://WA1_D11/meshes/UPPERARM_L.STL,0.0431372549019608,1,0.909803921568627,1,0,0,0,0,0,0,package://WA1_D11/meshes/UPPERARM_L.STL,,大臂及肘-左-肩偏航URDF-1/大臂-左-URDF-1/ZJRX-A-P-L-05-左臂-大臂-主动端.step-1;大臂及肘-左-肩偏航URDF-1/大臂-左-URDF-1/大臂盖板-1;大臂及肘-左-肩偏航URDF-1/大臂-左-URDF-1/肘关节驱动替代版-1;大臂及肘-左-肩偏航URDF-1/大臂-左-URDF-1/肘关节散热块-镜像-1;大臂及肘-左-肩偏航URDF-1/大臂-左-URDF-1/2006散热风扇-2;大臂及肘-左-肩偏航URDF-1/大臂-左-URDF-1/ZJRX-A-P-L-06-左臂-大臂-随动端.step-1;大臂及肘-左-肩偏航URDF-1/大臂-左-URDF-1/ZJRX-A-P-T-01-肘关节轴承支承盘.step-1;大臂及肘-左-肩偏航URDF-1/大臂-左-URDF-1/E关节替换件-1;大臂及肘-左-肩偏航URDF-1/大臂-左-URDF-1/肘关节散热块-1;大臂及肘-左-肩偏航URDF-1/大臂-左-URDF-1/2006散热风扇-1;大臂及肘-左-肩偏航URDF-1/大臂-左-URDF-1/B关节替换件-1,UPPERARM_L,Shoulder_Z_L,Shoulder_Z_L,revolute,0,0,-0.0845,0,0,0,SHOULDER_L,0,0,1,57,3.56,-3.1067,3.1067,,,,,,,,
FOREARM_L,-0.00293799035788644,-0.00206226364504325,-0.0303456740248538,0,0,0,0.209965779714145,0.000243895291540085,-6.54766251221427E-07,-1.31402100580447E-06,0.000196417088658945,-5.48141102363982E-05,0.000233140028161589,0,0,0,0,0,0,package://WA1_D11/meshes/FOREARM_L.STL,0.898039215686275,0.917647058823529,0.929411764705882,1,0,0,0,0,0,0,package://WA1_D11/meshes/FOREARM_L.STL,,大臂及肘-左-肘俯仰URDF-1/ZJRX-A-P-L-07-左臂-肘关节结构件-主体.step-1;大臂及肘-左-肘俯仰URDF-1/ZJRX-A-P-L-08-左臂-肘关节结构件-随动.step-1;大臂及肘-左-肘俯仰URDF-1/肘关节结构件-盖板-1,FOREARM_L,Elbow_L,Elbow_L,revolute,0,0,-0.1555,0,0,0,UPPERARM_L,0,1,0,31,3.665,-2.0944,0.034907,,,,,,,,
WRIST_REVOLUTE_L,5.77089438257017E-05,0.00171657201932746,-0.0687777914323817,0,0,0,1.45500721312125,0.00109707469435656,3.34142034286568E-07,1.49664692140929E-06,0.00112103498597079,5.54082797871439E-06,0.000950672394398641,0,0,0,0,0,0,package://WA1_D11/meshes/WRIST_REVOLUTE_L.STL,0.898039215686275,0.917647058823529,0.929411764705882,1,0,0,0,0,0,0,package://WA1_D11/meshes/WRIST_REVOLUTE_L.STL,,left-wrist-yaw-1/ZJRX-A-P-T-02-小臂上结构件.step-1;left-wrist-yaw-1/ZJRX-A2-D11-T-03-腕关节轴承支承盘.step-1;left-wrist-yaw-1/D11关节替换件1.47.1六边-1;left-wrist-yaw-1/腕关节驱动组件替代版.step-1;left-wrist-yaw-1/ZJRX-A2-D11-L-09-左臂-小臂下结构件.step-1;left-wrist-yaw-1/左臂腕部皮套-1;left-wrist-yaw-1/C关节替换件-1,WRIST_REVOLUTE_L,Wrist_Z_L,Wrist_Z_L,revolute,0,0,-0.0685,0,0,0,FOREARM_L,0,0,1,25,3.665,-3.1067,3.1067,,,,,,,,
WRIST_UPDOWN_L,0.00354378972117797,0.000677158695453095,-0.0536799979589017,0,0,0,0.486926628198694,0.00026267328337643,1.52525137860047E-06,4.42505470602887E-06,0.000246119594075653,-3.04877860054421E-05,0.000199617667082886,0,0,0,0,0,0,package://WA1_D11/meshes/WRIST_UPDOWN_L.STL,0.898039215686275,0.917647058823529,0.929411764705882,1,0,0,0,0,0,0,package://WA1_D11/meshes/WRIST_UPDOWN_L.STL,,left-wrist-pitch-1/ZJRX-A2-D11-L-10-左臂-腕俯仰结构件-主体.step-1;left-wrist-pitch-1/ZJRX-A2-D11-T-09-腕俯仰结构件-盖板 (1).step-1;left-wrist-pitch-1/ZJRX-A2-D11-T-03-腕关节轴承支承盘.step-1;left-wrist-pitch-1/ZJRX-A2-D11-T-04-腕俯仰结构件-随动.step-1;left-wrist-pitch-1/D11关节替换件1.47.1六边-1,WRIST_UPDOWN_L,Wrist_Y_L,Wrist_Y_L,revolute,0,0,-0.1385,0,0,0,WRIST_REVOLUTE_L,0,1,0,16,3.665,-1.5708,1.5708,,,,,,,,
WRIST_FLANGE_L,0.015271377797363,-4.24864621861865E-05,-0.0235353991441276,0,0,0,0.0649500666280646,3.99932609806783E-05,-5.06657194385353E-08,-1.41750686729954E-05,5.07923104458074E-05,1.31533467895363E-07,4.08833952060494E-05,0,0,0,0,0,0,package://WA1_D11/meshes/WRIST_FLANGE_L.STL,0.898039215686275,0.917647058823529,0.929411764705882,1,0,0,0,0,0,0,package://WA1_D11/meshes/WRIST_FLANGE_L.STL,,left-wrist-roll-1/ZJRX-A2-D11-L-11-左臂-手腕结构件-主体.step-1;left-wrist-roll-1/ZJRX-A2-D11-T-10-手腕结构件-盖板.step-1;left-wrist-roll-1/ZJRX-A2-D11-T-05-手腕结构件-随动.step-1,WRIST_FLANGE_L,Wrist_X_L,Wrist_X_L,revolute,0,0,-0.063,0,0,0,WRIST_UPDOWN_L,1,0,0,16,3.665,-1.5708,1.5708,,,,,,,,
TCP_L,8.52601156342558E-10,-3.77956332897611E-10,0.000948539898801171,0,0,0,0.00831948604489642,1.6356349182379E-06,-1.45172035135741E-12,9.58511085791337E-16,1.63563438092033E-06,1.50832178915764E-14,2.93439476375082E-06,0,0,0,0,0,0,package://WA1_D11/meshes/TCP_L.STL,0.247058823529412,0.392156862745098,1,1,0,0,0,0,0,0,package://WA1_D11/meshes/TCP_L.STL,,ZJRX-ARM-T-06-传感器替换件.step-1,TCP_L1,Tcp_L,Tcp_L,fixed,0,0,-0.060997,0,0,0,WRIST_FLANGE_L,0,0,0,,,,,,,,,,,,
HAND_L,-0.00803853237015675,0.00168733760855289,0.0699757704409902,0,0,0,0.59886719768334,0.000261223468543694,1.48975300636958E-05,4.0493188057245E-05,0.000455009546948694,-1.24136868444265E-05,0.000248250564969076,0,0,0,0,0,0,package://WA1_D11/meshes/HAND_L.STL,0.792156862745098,0.819607843137255,0.933333333333333,1,0,0,0,0,0,0,package://WA1_D11/meshes/HAND_L.STL,,lefthand 装配图-1/leftpalm-1;lefthand 装配图-1/thumbDP-2;lefthand 装配图-1/thumbPP-1;lefthand 装配图-1/leftthumbMP-2;lefthand 装配图-1/DP-7;lefthand 装配图-1/DP-6;lefthand 装配图-1/DP-5;lefthand 装配图-1/DP-1;lefthand 装配图-1/PP-4;lefthand 装配图-1/PP-3;lefthand 装配图-1/PP-2;lefthand 装配图-1/PP-1;lefthand 装配图-1/MP-4;lefthand 装配图-1/MP-3;lefthand 装配图-1/MP-2;lefthand 装配图-1/MP-1,HAND_L1,Hand_L,Hand_L,fixed,0,0,0,-3.1416,0,3.1416,TCP_L,0,0,0,,,,,,,,,,,,
SCAPULA_R,-0.000402150446242477,-0.0702562861558398,-9.26355905829235E-05,0,0,0,1.11869315037061,0.00101092896571746,3.37783537983793E-05,-2.14466909714358E-06,0.00117732651620644,4.40450960422662E-06,0.00124017745839241,0,0,0,0,0,0,package://WA1_D11/meshes/SCAPULA_R.STL,0.898039215686275,0.917647058823529,0.929411764705882,1,0,0,0,0,0,0,package://WA1_D11/meshes/SCAPULA_R.STL,,右肩俯仰-URDF-1/ZJRX-A-P-R-02-右臂-肩俯仰结构件.step-1;右肩俯仰-URDF-1/B关节替换件-2,SCAPULA_R,Shoulder_Y_R,Shoulder_Y_R,revolute,0.0074317,-0.16387,0.39,0,0,0.5236,CHEST,0,1,0,57,3.56,-4.0143,1.2217,,,,,,,,
SHOULDER_R,0.0216412981331083,-0.00137545856455012,-0.0364212007494441,0,0,0,0.241025600116243,0.000357794651353449,-1.13555940947594E-05,-0.000118745577461303,0.000434108778370339,-1.29349398844929E-05,0.000360423039518984,0,0,0,0,0,0,package://WA1_D11/meshes/SHOULDER_R.STL,0.898039215686275,0.917647058823529,0.929411764705882,1,0,0,0,0,0,0,package://WA1_D11/meshes/SHOULDER_R.STL,,右肩滚转-URDF-1/ZJRX-A-P-R-03-右臂-肩滚动结构件-主体.step-1;右肩滚转-URDF-1/右臂-肩滚动结构件-盖板-1;右肩滚转-URDF-1/ZJRX-A-P-R-04-右臂-肩滚动结构件-随动件.step-1,SHOULDER_R,Shoulder_X_R,Shoulder_X_R,revolute,0,-0.075202,0,0.34907,0,0,SCAPULA_R,1,0,0,57,3.56,-3.1067,0.034907,,,,,,,,
UPPERARM_R,-0.000572304026199677,-0.000198199393050547,-0.0735208393337039,0,0,0,1.68407338236387,0.00185788221769922,-1.39135380634891E-08,-4.99026273045548E-06,0.00192683812433836,3.92221326667558E-06,0.000957727830952879,0,0,0,0,0,0,package://WA1_D11/meshes/UPPERARM_R.STL,0.898039215686275,0.917647058823529,0.929411764705882,1,0,0,0,0,0,0,package://WA1_D11/meshes/UPPERARM_R.STL,,大臂及肘-右-肩偏航URDF-1/大臂-右-URDF-1/ZJRX-A-P-R-05-右臂-大臂-主动端.step-1;大臂及肘-右-肩偏航URDF-1/大臂-右-URDF-1/大臂盖板-1;大臂及肘-右-肩偏航URDF-1/大臂-右-URDF-1/肘关节驱动替代版-1;大臂及肘-右-肩偏航URDF-1/大臂-右-URDF-1/ZJRX-A-P-T-01-肘关节轴承支承盘.step-1;大臂及肘-右-肩偏航URDF-1/大臂-右-URDF-1/肘关节散热块-1;大臂及肘-右-肩偏航URDF-1/大臂-右-URDF-1/2006散热风扇-2;大臂及肘-右-肩偏航URDF-1/大臂-右-URDF-1/ZJRX-A-P-R-06-右臂-大臂-随动端.step-1;大臂及肘-右-肩偏航URDF-1/大臂-右-URDF-1/肘关节散热块-镜像-1;大臂及肘-右-肩偏航URDF-1/大臂-右-URDF-1/2006散热风扇-1;大臂及肘-右-肩偏航URDF-1/大臂-右-URDF-1/E关节替换件-1;大臂及肘-右-肩偏航URDF-1/大臂-右-URDF-1/B关节替换件-1,UPPERARM_R,Shoulder_Z_R,Shoulder_Z_R,revolute,0,0,-0.0845,0,0,0,SHOULDER_R,0,0,1,57,3.56,-3.1067,3.1067,,,,,,,,
FOREARM_R,-0.00302119886064811,0.00211723251351842,-0.0303468148267078,0,0,0,0.210712842514159,0.000244492616078598,1.14233327274588E-06,-1.21105277454422E-06,0.000196759510509524,5.47109538118744E-05,0.000233898439530787,0,0,0,0,0,0,package://WA1_D11/meshes/FOREARM_R.STL,0.898039215686275,0.917647058823529,0.929411764705882,1,0,0,0,0,0,0,package://WA1_D11/meshes/FOREARM_R.STL,,大臂及肘-右-肘俯仰URDF-1/ZJRX-A-P-R-07-右臂-肘关节结构件-主体.step-1;大臂及肘-右-肘俯仰URDF-1/肘关节结构件-盖板-1;大臂及肘-右-肘俯仰URDF-1/ZJRX-A-P-R-08-右臂-肘关节结构件-随动.step-1,FOREARM_R,Elbow_R,Elbow_R,revolute,0,0,-0.1555,0,0,0,UPPERARM_R,0,1,0,31,3.665,-2.0944,0.034907,,,,,,,,
WRIST_REVOLUTE_R,5.77918113960352E-05,-0.00171652129112282,-0.0687778135899822,0,0,0,1.45498430361659,0.00109706419575496,-3.30117899103802E-07,1.49763482699786E-06,0.00112102624265615,-5.54957235234619E-06,0.000950664716772922,0,0,0,0,0,0,package://WA1_D11/meshes/WRIST_REVOLUTE_R.STL,0.898039215686275,0.917647058823529,0.929411764705882,1,0,0,0,0,0,0,package://WA1_D11/meshes/WRIST_REVOLUTE_R.STL,,right-wrist-yaw-1/ZJRX-A-P-T-02-小臂上结构件.step-1;right-wrist-yaw-1/腕关节驱动组件替代版.step-1;right-wrist-yaw-1/ZJRX-A2-D11-T-03-腕关节轴承支承盘.step-1;right-wrist-yaw-1/D11关节替换件1.47.1六边-1;right-wrist-yaw-1/ZJRX-A2-D11-R-09-右臂-小臂下结构件.step-1;right-wrist-yaw-1/右臂手腕皮套-1;right-wrist-yaw-1/C关节替换件-1,WRIST_REVOLUTE_R,Wrist_Z_R,Wrist_Z_R,revolute,0,0,-0.0685,0,0,0,FOREARM_R,0,0,1,25,3.665,-3.1067,3.1067,,,,,,,,
WRIST_UPDOWN_R,0.00358196970069241,-0.000542519960150145,-0.053989950949236,0,0,0,0.484465029234668,0.000252677712499045,-1.39569279222105E-06,4.11281577624332E-06,0.000237462146045727,2.68763464727798E-05,0.000197850070754323,0,0,0,0,0,0,package://WA1_D11/meshes/WRIST_UPDOWN_R.STL,0.898039215686275,0.917647058823529,0.929411764705882,1,0,0,0,0,0,0,package://WA1_D11/meshes/WRIST_UPDOWN_R.STL,,right-wrist-pitch-1/ZJRX-A2-D11-R-10-右臂-腕俯仰结构件-主体.step-1;right-wrist-pitch-1/ZJRX-A2-D11-T-09-腕俯仰结构件-盖板 (1).step-1;right-wrist-pitch-1/ZJRX-A2-D11-T-04-腕俯仰结构件-随动.step-1;right-wrist-pitch-1/ZJRX-A2-D11-T-03-腕关节轴承支承盘.step-1;right-wrist-pitch-1/D11关节替换件1.47.1六边-1,WRIST_UPDOWN_R,Wrist_Y_R,Wrist_Y_R,revolute,0,0,-0.1385,0,0,0,WRIST_REVOLUTE_R,0,1,0,16,3.665,-1.5708,1.5708,,,,,,,,
WRIST_FLANGE_R,0.015277237486028,3.49308868037856E-05,-0.0235279435321535,0,0,0,0.0649773244254223,4.00089443052184E-05,5.70756852861663E-08,-1.41809072896705E-05,5.08118821371125E-05,-1.2271350984328E-07,4.08967854978809E-05,0,0,0,0,0,0,package://WA1_D11/meshes/WRIST_FLANGE_R.STL,0.898039215686275,0.917647058823529,0.929411764705882,1,0,0,0,0,0,0,package://WA1_D11/meshes/WRIST_FLANGE_R.STL,,right-wrist-roll-1/ZJRX-A2-D11-R-11-右臂-手腕结构件-主体.step-1;right-wrist-roll-1/ZJRX-A2-D11-T-05-手腕结构件-随动.step-1;right-wrist-roll-1/ZJRX-A2-D11-T-10-手腕结构件-盖板.step-2,WRIST_FLANGE_R,Wrist_X_R,Wrist_X_R,revolute,0,0,-0.063,0,0,0,WRIST_UPDOWN_R,1,0,0,16,3.665,-1.5708,1.5708,,,,,,,,
TCP_R,-1.2254891545993E-09,-2.15201079178939E-10,0.000948539845304547,0,0,0,0.0083194860351157,1.63563612762997E-06,1.22527403813096E-14,-3.72595730103264E-15,1.63563317871486E-06,-4.76299797868121E-14,2.93439476569626E-06,0,0,0,0,0,0,package://WA1_D11/meshes/TCP_R.STL,0.247058823529412,0.392156862745098,1,1,0,0,0,0,0,0,package://WA1_D11/meshes/TCP_R.STL,,right-wrist-roll-1/ZJRX-ARM-T-06-传感器替换件.step-1,TCP_R1,Tcp_R,Tcp_R,fixed,0,0,-0.060997,0,0,0,WRIST_FLANGE_R,0,0,0,,,,,,,,,,,,
HAND_R,-0.00813602345410452,-0.000982956894010012,0.0699569868302473,0,0,0,0.599192782523271,0.000260344689705192,2.09080679407191E-06,4.16277203037547E-05,0.000456556434451783,8.89166345417832E-06,0.000248497954580249,0,0,0,0,0,0,package://WA1_D11/meshes/HAND_R.STL,0.792156862745098,0.819607843137255,0.933333333333333,1,0,0,0,0,0,0,package://WA1_D11/meshes/HAND_R.STL,,righthand 装配图-1/rightpalm-1;righthand 装配图-1/thumbDP-2;righthand 装配图-1/thumbPP-1;righthand 装配图-1/rightthumbMP-2;righthand 装配图-1/DP-7;righthand 装配图-1/DP-6;righthand 装配图-1/DP-5;righthand 装配图-1/DP-1;righthand 装配图-1/PP-4;righthand 装配图-1/PP-3;righthand 装配图-1/PP-2;righthand 装配图-1/PP-1;righthand 装配图-1/MP-4;righthand 装配图-1/MP-3;righthand 装配图-1/MP-2;righthand 装配图-1/MP-1,HAND_R1,Hand_R,Hand_R,fixed,0,0,0,-3.1416,0,-3.1416,TCP_R,0,0,0,,,,,,,,,,,,
NECK,-0.000121156880574264,0.000115504936873512,0.0384194913123298,0,0,0,0.257410493836561,4.35116739632781E-05,-5.40138448016501E-10,1.08317942884696E-08,6.56746070988325E-05,3.47862212255701E-06,3.92116071547783E-05,0,0,0,0,0,0,package://WA1_D11/meshes/NECK.STL,0.898039215686275,0.917647058823529,0.929411764705882,1,0,0,0,0,0,0,package://WA1_D11/meshes/NECK.STL,,HEAD-1/头部装配V1-2-1/RX-01-01-16 头部支架1-1;HEAD-1/头部装配V1-2-1/D1型号关节V1-1-1;HEAD-1/头部装配V1-2-1/RX-01-01-15A-2 头部限位块-2;HEAD-1/头部装配V1-2-1/RX-01-01-15A-1 头部限位块-1,NECK,Neck_Z,Neck_Z,revolute,0,0,0.531,0,0,0,CHEST,0,0,1,7,3.665,-0.7854,0.7854,,,,,,,,
HEAD,0.0194813303067846,-0.000529883194501091,0.0777722981006055,0,0,0,0.746362199037203,0.0013829848595793,-2.15651560217154E-06,-6.73450352309605E-05,0.00111844380050576,-8.36333664395905E-06,0.00126005444551711,0,0,0,0,0,0,package://WA1_D11/meshes/HEAD.STL,0.898039215686275,0.917647058823529,0.929411764705882,1,0,0,0,0,0,0,package://WA1_D11/meshes/HEAD.STL,,HEAD-1/头部装配V1-2-1/RX-01-01-17 头部支架2-1;HEAD-1/头部装配V1-2-1/头部摄像装配V1-2-1/RX-01-01-19A 四目支架-1;HEAD-1/头部装配V1-2-1/头部摄像装配V1-2-1/RX-01-01-20A 扬声器支架-1;HEAD-1/头部装配V1-2-1/头部摄像装配V1-2-1/喇叭40-1;HEAD-1/头部装配V1-2-1/头部摄像装配V1-2-1/视频采集卡-1;HEAD-1/头部装配V1-2-1/头部摄像装配V1-2-1/UC-788.stp-4;HEAD-1/头部装配V1-2-1/头部摄像装配V1-2-1/UC-788.stp-3;HEAD-1/头部装配V1-2-1/头部摄像装配V1-2-1/UC-788.stp-2;HEAD-1/头部装配V1-2-1/头部摄像装配V1-2-1/UC-788.stp-1;HEAD-1/头部装配V1-2-1/头部摄像装配V1-2-1/视频采集卡-2;HEAD-1/头部装配V1-2-1/头部摄像装配V1-2-1/垫块0729-01-1;HEAD-1/头部装配V1-2-1/主板+转接板.stp-1;HEAD-1/头部装配V1-2-1/RX-01-01-18 扬声器固定板-1;HEAD-1/头部装配V1-2-1/头部外观装配V1-3-1/RX-01-03-09C 头后壳-1;HEAD-1/头部装配V1-2-1/头部外观装配V1-3-1/下巴.stp-1;HEAD-1/头部装配V1-2-1/头部外观装配V1-3-1/011(5).stp-2;HEAD-1/头部装配V1-2-1/头部外观装配V1-3-1/RX-01-03-12C 头面罩-1;HEAD-1/头部装配V1-2-1/头部外观装配V1-3-1/RX-01-03-08C 头后壳-1;HEAD-1/头部装配V1-2-1/麦克风阵列-1;HEAD-1/头部装配V1-2-1/RX-01-03-21 腔体壳-1;HEAD-1/头部装配V1-2-1/RX-01-03-20 腔体-1,HEAD,Neck_Y,Neck_Y,revolute,0,0,0.042,0,0,0,NECK,0,1,0,7,3.665,-0.17453,0.34907,,,,,,,,
Lift_Front_Direction,6.36259178035392E-05,0.00419321989461974,-0.0233309986125715,0,0,0,0.17056810498199,8.91065737812662E-05,-6.77875620278318E-07,-6.77087694390129E-08,0.000121280867933852,3.21199509150964E-06,0.000165485547526127,0,0,0,0,0,0,package://WA1_D11/meshes/Lift_Front_Direction.STL,0.792156862745098,0.819607843137255,0.925490196078431,1,0,0,0,0,0,0,package://WA1_D11/meshes/Lift_Front_Direction.STL,,EMMA400K简化版-1/___________1.stp-1/4.3.01.08.0009 ____ C415S-HUA3140  RTr-T2029-H-____.stp-2,Lift_Front_D,L_F_D,L_F_D,continuous,0.3325,0.155,-0.144,0,0,0,BASE,0,0,1,,,,,,,,,,,,
Lift_Front_Roll,-2.77555756156289E-17,-1.11022302462516E-16,0,0,0,0,0.27388339648693,0.00019226921512708,3.55753837846806E-20,-2.21354402832484E-20,0.000180306072965855,5.13046950214452E-22,0.000180306072965855,0,0,0,0,0,0,package://WA1_D11/meshes/Lift_Front_Roll.STL,0.792156862745098,0.819607843137255,0.933333333333333,1,0,0,0,0,0,0,package://WA1_D11/meshes/Lift_Front_Roll.STL,,EMMA400K简化版-1/___________1.stp-1/万向滚轮-1,Lift_Front_Roll,L_F_Roll,L_F_Roll,continuous,-0.00045701,0.021695,-0.068,0,0,0.021062,Lift_Front_Direction,1,0,0,,,,,,,,,,,,
Right_Front_Direction,0.00186424909723612,0.00375651125112891,-0.023330791408543,0,0,0,0.170566770958381,9.45546669593116E-05,1.2083784073804E-05,1.32322275054803E-06,0.000115834016101515,2.92806037476399E-06,0.000165486243529097,0,0,0,0,0,0,package://WA1_D11/meshes/Right_Front_Direction.STL,0.792156862745098,0.819607843137255,0.925490196078431,1,0,0,0,0,0,0,package://WA1_D11/meshes/Right_Front_Direction.STL,,EMMA400K简化版-1/___________1.stp-1/4.3.01.08.0009 ____ C415S-HUA3140  RTr-T2029-H-____.stp-1,Right_Front_D,R_F_D,R_F_D,continuous,0.3325,-0.155,-0.144,0,0,0,BASE,0,0,1,,,,,,,,,,,,
Right_Front_Roll,0,0,1.11022302462516E-16,0,0,0,0.27388339648693,0.00019226921512708,6.7762635780344E-21,-5.83132212363524E-20,0.000180306072965855,-3.06821445825744E-22,0.000180306072965855,0,0,0,0,0,0,package://WA1_D11/meshes/Right_Front_Roll.STL,0.792156862745098,0.819607843137255,0.933333333333333,1,0,0,0,0,0,0,package://WA1_D11/meshes/Right_Front_Roll.STL,,EMMA400K简化版-1/___________1.stp-1/万向滚轮-2,Right_Front_Roll,R_F_Roll,R_F_Roll,continuous,0.0089363,0.019775,-0.068,0,0,-0.42444,Right_Front_Direction,1,0,0,,,,,,,,,,,,
Lift_Behind_Direction,0.00389582592851262,-0.00155221092109981,-0.0233307925266004,0,0,0,0.170566765374474,0.000117654142009197,-1.01968154425991E-05,3.02606581678509E-06,9.27345642785307E-05,-1.08042838878017E-06,0.00016548625483396,0,0,0,0,0,0,package://WA1_D11/meshes/Lift_Behind_Direction.STL,0.792156862745098,0.819607843137255,0.925490196078431,1,0,0,0,0,0,0,package://WA1_D11/meshes/Lift_Behind_Direction.STL,,EMMA400K简化版-1/___________1-1.stp-1/4.3.01.08.0009 ____ C415S-HUA3140  RTr-T2029-H-____.stp-2,Lift_Behind_D,L_B_D,L_B_D,continuous,-0.3325,0.155,-0.144,0,0,0,BASE,0,0,1,,,,,,,,,,,,
Lift_Behind_Roll,0,-1.11022302462516E-16,1.11022302462516E-16,0,0,0,0.27388339648693,0.000180306072965855,-3.3881317890172E-21,-4.81482486096809E-35,0.00019226921512708,3.65771378021451E-20,0.000180306072965855,0,0,0,0,0,0,package://WA1_D11/meshes/Lift_Behind_Roll.STL,0.792156862745098,0.819607843137255,0.933333333333333,1,0,0,0,0,0,0,package://WA1_D11/meshes/Lift_Behind_Roll.STL,,EMMA400K简化版-1/___________1-1.stp-1/万向滚轮-1,Lift_Behind_Roll,L_B_Roll,L_B_Roll,continuous,0.020436,-0.0072966,-0.068,0,0,-0.34293,Lift_Behind_Direction,0,1,0,,,,,,,,,,,,
Right_Behind_Direction,0.00334835165253849,-0.00252493724533448,-0.0233307884706858,0,0,0,0.170566779947667,0.000110730701566896,-1.51184357423028E-05,2.6338797861748E-06,9.96579285018127E-05,-1.84045021001249E-06,0.000165486217143162,0,0,0,0,0,0,package://WA1_D11/meshes/Right_Behind_Direction.STL,0.792156862745098,0.819607843137255,0.925490196078431,1,0,0,0,0,0,0,package://WA1_D11/meshes/Right_Behind_Direction.STL,,EMMA400K简化版-1/___________1-1.stp-1/4.3.01.08.0009 ____ C415S-HUA3140  RTr-T2029-H-____.stp-1,Right_Behind_D,R_B_D,R_B_D,continuous,-0.3325,-0.155,-0.144,0,0,0,BASE,0,0,1,,,,,,,,,,,,
Right_Behind_Roll,-1.11022302462516E-16,0,0,0,0,0,0.27388339648693,0.000180306072965855,0,7.22223729145213E-35,0.00019226921512708,-1.26656112660479E-20,0.000180306072965855,0,0,0,0,0,0,package://WA1_D11/meshes/Right_Behind_Roll.STL,0.792156862745098,0.819607843137255,0.933333333333333,1,0,0,0,0,0,0,package://WA1_D11/meshes/Right_Behind_Roll.STL,,EMMA400K简化版-1/___________1-1.stp-1/万向滚轮-2,Right_Behind_Roll,R_B_Roll,R_B_Roll,continuous,0.017788,-0.012429,-0.068,0,0,-0.60989,Right_Behind_Direction,0,1,0,,,,,,,,,,,,
Lift_Roll,-2.77555756156289E-17,0.00104536531501487,5.55111512312578E-17,0,0,0,0.84765172449468,0.00243832788280189,-3.72457750536303E-18,-1.15129742769929E-20,0.0045428016007238,-2.24818120221281E-17,0.00243832788280189,0,0,0,0,0,0,package://WA1_D11/meshes/Lift_Roll.STL,0.792156862745098,0.819607843137255,0.933333333333333,1,0,0,0,0,0,0,package://WA1_D11/meshes/Lift_Roll.STL,,EMMA400K简化版-1/_________1-2.stp-1/4.3.01.08.00102 _____1.stp-1,Lift _Roll,Lift_Wheel,Lift_Wheel,continuous,0,0.235,-0.16,0,0,0,BASE,0,1,0,,,,,,,,,,,,
Right_Roll,5.60662627435704E-14,-0.00104536531501492,7.7715611723761E-16,0,0,0,0.847651724494679,0.00243832788280189,4.89363092088216E-15,2.40324919280311E-20,0.00454280160072379,5.3118719933152E-19,0.00243832788280189,0,0,0,0,0,0,package://WA1_D11/meshes/Right_Roll.STL,0.792156862745098,0.819607843137255,0.933333333333333,1,0,0,0,0,0,0,package://WA1_D11/meshes/Right_Roll.STL,,EMMA400K简化版-1/_________1-2.stp-1/4.3.01.08.00102 _____1.stp-2,Right_Roll,Right_Wheel,Right_Wheel,continuous,0,-0.235,-0.16,0,0,0,BASE,0,1,0,,,,,,,,,,,,
